,snr,combined_far
0,8.325020801265223,718.3959105945078
1,8.419726956719932,520.0367457935331
2,8.66145349188375,675.9340419546819
3,8.1273300817172,308.76734981190674
4,8.29286181023337,728.8511648237595
5,8.85864651367798,68.48370999883194
6,8.243044963199418,78.9604842299697
7,8.717603703326153,42.44717046772904
8,9.12793838446527,61.929539434947124
9,7.31517661254331,377.40312578334374
10,8.19244486731531,113.66744271185144
11,8.565561187118634,172.54124596530107
12,8.204020384378314,438.07392559126436
13,8.437050848283429,280.32641841683613
14,8.182355575563996,710.4370853301607
15,9.037074156010448,11.167238879137619
16,8.295568910258025,528.9026321338001
17,8.323246737980917,216.67677739796983
18,8.518154700193776,530.1130255225656
19,8.932068665495573,170.99887508940648
20,8.325368002881044,622.8390499972804
21,8.498022380108885,170.0583680636478
22,8.595457887463548,162.43536747245116
23,8.210527807911337,553.0173278177043
24,8.121326497303738,549.7435285970136
25,8.198263828719188,636.8356078638114
26,8.534724557261478,75.29362568038333
27,9.003516782491378,21.26142929587463
28,8.336613015102836,172.03074937864366
29,8.944453831437242,212.44227481935974
30,12.15754879456802,0.03848594214777402
31,8.545830553194167,101.89197679105936
32,8.745758995816857,202.62458089095097
33,8.41471048402264,86.90286339136738
34,9.00092433987779,50.119446493522716
35,11.88490726693889,0.06403723567068975
36,7.896880805554041,490.0212021862852
37,8.223610260486698,641.1726641656377
38,7.889419219287952,481.07168797429483
39,8.149951575636074,557.3020067996566
40,7.979900829892717,270.55325469014093
41,8.728754703319234,99.69729455018465
42,8.410388703669549,697.3058028219018
43,8.428721957559837,643.5196128389305
44,8.55255727554062,434.7538481385683
45,8.290181093573212,623.5002133740934
46,8.153648045848545,442.24452479591696
47,8.382346520781567,720.6139529930848
48,8.958288927102261,729.0213859216186
49,8.24205604521682,489.1939203121109
50,7.920741956925149,681.0833001024353
51,8.39766460388601,339.03076370802387
52,8.43946893333703,641.9645775562374
53,9.099198235477202,288.6665570579774
54,8.516291042215668,41.955160745545875
55,8.344338380775907,120.54977903428421
56,8.295402552464862,545.1109757235095
57,8.92712885661726,19.833471767404316
58,8.318031324763385,221.88744365317825
59,8.369218257899323,248.22087454273844
60,8.187717404485747,281.30362021693685
61,8.393531233858104,591.6510164351239
62,13.14612529444248,0.0002517699221002268
63,19.46853205782076,0.17390159355470527
64,8.055051279503576,627.9409584175069
65,8.60096046838685,112.68991365587219
66,8.046362990784223,343.24851721453115
67,8.035233912089112,700.4261980833894
68,8.061566147592607,578.1863251571401
69,8.315492952703533,489.74594870137025
70,8.018239356972005,702.8986537854165
71,8.541581972107426,512.2882982387682
72,8.041405261893376,632.639609665779
73,8.266820138684645,216.79807062778943
74,8.600155072331226,465.19719670633395
75,8.165115874268967,555.6682590641312
76,9.671387550004521,56.89600647065008
77,8.837057188556955,110.45323699172778
78,8.624333557227573,73.19955420695865
79,8.851290347874297,42.41069076355628
80,8.804705650658986,294.132368217845
81,8.406951803921302,367.14701934303946
82,8.10727806180674,439.8117683212722
83,8.18731664049117,454.95480834278715
84,8.351986495956588,133.51288195091638
85,8.490771589895484,111.01066669826359
86,13.02951811982053,0.000683714864504689
87,8.458506070843157,695.3908731395719
88,8.287597507814764,104.67126483640142
89,8.705110270598855,190.15675909088077
90,8.280299923605009,658.7127684877414
91,9.427367332069496,345.5464685596808
92,8.174871450152875,654.6929016595046
93,8.887220409006943,185.48097959125843
94,8.21328624812201,444.72005199506526
95,8.19949795737634,514.1761523628938
96,8.731325552170507,292.73466019262753
97,8.68249167097591,197.73201480928395
98,7.984826854288475,609.5185722288207
99,8.318671811605057,233.95551447206185
100,8.123581559933317,477.2423048331828
101,8.350791093980423,389.9878656340677
102,13.19089021803697,0.00010028007969645038
103,8.403022694834885,177.54422525357225
104,7.796443679760482,537.2210718257705
105,8.460348306731023,415.67594458186596
106,8.349473840618348,576.8150781423655
107,8.337822028192326,170.3985505780208
108,8.038999213665548,299.5858523022502
109,8.380777644600109,413.2031787652436
110,8.516253231971731,190.40631545326488
111,8.18857799296184,497.5673422590335
112,8.870162957936714,27.421899573426348
113,8.68376354599699,195.68528222313418
114,8.457943310666844,479.0949343651595
115,8.752548527887804,42.51316865350925
116,8.358563542357635,149.8476201195867
117,8.812571802721424,189.0412833242006
118,8.371796780538164,236.00069032639573
119,8.512487624525926,54.653747178975635
120,8.47938270603311,170.20998832992092
121,8.360689431032034,587.1554638108007
122,8.005354679483363,210.56202539539066
123,8.289857232903596,243.55045932591514
124,8.700250200922211,633.6929248400597
125,8.354144144993276,667.1485163247086
126,8.47685158352339,234.06039738578232
127,8.439076079954898,659.6988898451789
128,9.439808836122612,578.2223417459871
129,8.37501878847551,187.04990839577727
130,8.594254584724405,90.07142980554767
131,9.391451117557791,122.89480077258303
132,8.58292639999188,626.5584988235204
133,8.499299464212607,256.4549919227328
134,8.549429341509825,101.36839675815058
135,8.316933057236678,167.9432662971889
136,8.15091630564966,454.94208922691035
137,8.170187910769048,723.4942745059626
138,8.939874152600684,479.5139842424219
139,17.40946920184836,0.00011461439741700161
140,8.738634529654188,361.0590979991421
141,9.915867809630582,11.097179335475273
142,11.35472562250359,0.005641794270839515
143,8.427667507060237,466.6701180737605
144,8.314108419498767,310.3387357514293
145,8.614298751547087,181.44214671477565
146,8.67147450838416,126.49880599716975
147,8.152457921775822,372.2106804425995
148,8.91093492517003,508.0337463371589
149,8.183302547118766,537.3122568683133
150,8.535100910767333,224.64914998957107
151,8.116577341542193,309.51203940614533
152,8.019582424947048,259.93510676401
153,8.505919159876616,698.2523321750018
154,8.333539945543148,412.8740576454203
155,8.421889762307002,201.47233365409326
156,8.491035877893516,680.0904555675456
157,8.131401222467174,374.40449617288385
158,8.171682243715757,393.18031280520506
159,7.772052873685418,245.2600001404367
160,8.330634057177967,685.0340946437329
161,9.016821519960942,207.94455402677139
162,8.480704368528377,484.23275669365574
163,8.859584534534779,58.73024463486141
164,8.460806920310985,199.25968713514743
165,8.719601190313844,136.31997836242053
166,8.549801620050953,472.2094023611752
167,8.144957579919522,554.8686786554563
168,8.771193710814735,270.5779735785021
169,7.997744405260593,642.3044177809278
170,7.845371262027641,729.336250185968
171,8.26817568506613,152.38429015591166
172,8.86287588617643,354.5875324272337
173,8.388801159386034,80.0959540465878
174,8.35164122781625,545.3080487420203
175,13.89675360401713,8.507491372836923e-05
176,8.859351585284468,264.55126307545976
177,8.34491281769989,437.9597464490961
178,9.074024991598884,0.4582260054618282
179,8.254938507657197,300.0061957443034
180,8.218646472203195,287.47892180201137
181,7.935211998524032,681.042664458055
182,8.179834927459787,413.7105062112724
183,8.796499230475344,408.0406427234492
184,8.506389352013665,520.5976965749086
185,24.03610595940903,1.76720157341016e-05
186,8.073730504099958,649.2372041225218
187,8.780285936887546,293.5926172640588
188,8.404448232643595,442.82322653332034
189,8.0241228893487,422.5362102805361
190,8.291399096880108,696.5817400894073
191,8.600298410666397,716.7280139328277
192,8.210917126277511,391.8420645368493
193,8.37113658407891,190.74017623465696
194,8.403526145423061,277.9924205865013
195,8.486668566001944,288.2849746002178
196,8.261780456025107,628.5287561645396
197,8.294992746368191,716.3451300074598
198,8.597450976665845,605.5399557139914
199,8.161023189738694,571.4735659471388
200,8.91772420588547,7.624820908710272
201,8.31615527902069,529.4449946516884
202,8.71796315238756,207.01650546930543
203,8.592641607396212,478.18678491951295
204,8.060262258335442,367.7281488257464
205,8.311463337563294,179.9735581376821
206,8.744102075798889,72.14569945998188
207,8.670408948323185,315.67494296759025
208,8.44845151816469,693.0262868360122
209,13.02076456687826,8.241722786885402e-05
210,8.7178752640757,684.6286745128748
211,8.667458321777925,367.0267140662906
212,8.446216318578792,218.22191049742992
213,8.303383016933186,325.1843015939458
214,8.133533103561826,444.08771260883645
215,8.622301678234058,302.0776515990627
216,11.65572219038575,0.00037450642815410867
217,8.281669867040549,358.58112747119293
218,8.393512771331995,458.2522964437874
219,9.15463035498119,28.581225927909166
220,8.463921582161632,577.0050896913122
221,8.733317256116502,109.85652477362225
222,8.458585376284628,103.78845181999522
223,8.503670977590511,512.5112177159896
224,8.06541679403536,640.8070742314678
225,9.034897685408248,470.6328363545163
226,8.260911800466868,679.4666418319825
227,8.682303364674052,175.1979210421584
228,9.314591819543285,20.84907674345869
229,8.030649917320584,715.4122535547515
230,8.498201350288065,520.2704775895739
231,8.566744028034053,56.277363531156105
232,8.18321400268061,119.58227420566287
233,8.559944010604525,639.0026889043738
234,8.134876152263296,221.50722208141434
235,8.317480864535627,123.1051525094353
236,8.294589148286647,707.7930156481634
237,8.668029908135933,682.9540772189097
238,8.283387933306964,228.32745115209573
239,8.674275304674696,80.5801269844575
240,8.352427698214724,243.20054319141562
241,8.437091279484076,433.93588984083016
242,8.09005898768001,561.8045954507448
243,8.276022720888466,530.5861665446658
244,8.51433020545156,202.61602077137692
245,8.189965430722976,680.4514987293657
246,8.36518239250811,201.25327026515333
247,9.026416822644848,2.124394226436591
248,8.530045344440724,556.4359783276991
249,8.103122324578159,344.65715931733416
250,8.262275377904567,536.660625009656
251,8.35097880218909,257.93420834059015
252,8.776638775125766,177.9024396958522
253,8.134977485644178,612.7777070011925
254,8.01443801765184,528.2958781113997
255,8.174226719970356,686.9361161106672
256,8.44099509243279,207.35997434493729
257,8.13446214507829,511.36072506799775
258,8.830212360631949,185.82168274898268
259,8.73573215056148,330.55362633912733
260,8.4439047399369,36.37556968147506
261,8.95715195932278,73.3219702096379
262,8.499765181419336,355.23565558632816
263,8.380501313327537,533.9405880977858
264,8.37165088435733,124.77240537834992
265,12.96156316206529,9.706717516353935e-06
266,8.301925935730294,589.9083683123232
267,8.167085405431507,583.3685154329688
268,8.324423555838067,439.8368204200536
269,8.400382197883397,512.0900241678358
270,11.61309358427243,18.798461771583057
271,8.494037169554698,27.550588082404147
272,8.546322570695402,448.3203873973549
273,8.521527025631027,369.6127985724756
274,11.86726336384853,0.28672893483244966
275,8.464694056143676,428.23339037950046
276,8.307125854576404,311.6017392657608
277,12.41886096834898,8.249218194644841e-05
278,8.119693093941073,600.5088401981021
279,12.36961344345089,0.00011012596435269668
280,8.56401787288371,120.179231406926
281,8.459988927169556,382.07837879592347
282,8.292515255531095,632.7129507822492
283,8.344307924414172,383.6366116710015
284,8.457999758877548,606.9932185343118
285,8.624916091932356,625.1626938006425
286,8.092998112271417,590.6811752652687
287,8.28281704097364,193.89567050515876
288,8.58154281724239,385.2854107389932
289,8.059228499140765,237.63898287838737
290,8.62489056289676,247.5729392742907
291,8.905679124817073,589.4997698841249
292,8.652728267516656,449.9780387524456
293,8.443247297139266,383.3326393777748
294,8.202843043575092,703.750243225255
295,8.245309977638177,448.2850376326504
296,8.282691809243834,313.34829281341126
297,9.824387585902478,0.01780653795746361
298,8.272035191593071,412.7967380887721
299,8.8239784687235,590.1643283071339
300,8.332804709275461,348.7932287433361
301,8.01849613271248,584.4018246315692
302,8.080527294287887,587.9475743785762
303,9.231493409005747,306.60297119910456
304,8.116006615077495,581.4517696912138
305,10.13001120351745,5.920617356510097
306,9.036070656507786,11.287497149257181
307,8.33295501862979,558.2206182744709
308,8.08436433049046,369.4702729149482
309,8.571636148711313,429.3130062429636
310,13.66991803313936,0.44356933515105157
311,8.712833457888145,194.87198499669404
312,8.074676009371155,559.1140274591245
313,10.43142790190285,0.009455884482606286
314,9.349147777421578,414.84920413164315
315,8.299253639241671,128.82971715147883
316,8.261832187341259,646.0793981775282
317,8.741582132626943,145.9873411064872
318,8.379767296579137,78.06605446817713
319,9.19913940599098,24.865726337626565
320,8.768128672101572,181.76337321851
321,10.53191407026049,0.00027593924625629677
322,8.664613734336628,469.42512320556494
323,8.72725705830527,630.9571175596078
324,8.318633072186001,270.7318054577806
325,8.812470291168239,213.81075385416435
326,8.597335223333474,494.21670682946257
327,8.406599693303379,117.94151627087464
328,8.650646177857487,683.6862190276338
329,8.308148593385283,535.0260207919819
330,8.298215933840966,472.84494498786233
331,8.478177832669635,286.6386552044566
332,8.535404830899497,588.8695168159352
333,8.983413423191452,41.954205944867475
334,8.29632647185542,66.86684900232807
335,10.60379473632526,0.00013690988924092926
336,8.495307214777572,287.08453621270627
337,9.05621989258002,0.07318924104931872
338,7.986494239833145,225.8060710948119
339,12.06053905373892,244.27351944674925
340,7.932007232653191,233.5010443420151
341,9.5607448494214,82.43675927563369
342,9.409250337808203,215.21752775352635
343,8.697888653504586,635.7374659144809
344,9.004938691062076,1.1484783044072695
345,7.559601088917755,71.24108264720633
346,7.702918503022764,187.33477156571982
347,8.144524561107776,146.50999589431194
348,11.46515965975799,410.79991418541823
349,8.32575008180018,445.0293525612036
350,8.182342001568646,278.3188616886565
351,8.562142606882674,46.34564080184104
352,7.217345418971886,412.68930916819164
353,7.952196978175057,570.5763669588736
354,7.894244784296735,634.8720861949048
355,8.518852794981866,256.3889312283289
356,7.662133279713579,307.5040424592691
357,9.951260111335168,0.4067625992093574
358,8.79377723554443,487.00249760243736
359,8.42213641929482,73.82451397748629
360,8.254098624169039,164.74529633840308
361,7.834835082517324,6.649579547983472
362,8.089225462845997,28.10489374457166
363,8.204154109748291,563.6793705183198
364,8.152022411714755,476.17684467138525
365,7.704775093535283,353.24029005819557
366,8.480905420471045,573.8842547205779
367,7.935871627013973,638.9703637576075
368,7.611103697561365,232.0532626851273
369,7.963570726514893,690.1664963243938
370,7.153782971793831,249.19685258250274
371,7.740102646662319,381.5936094477257
372,8.474007558336739,658.7393029674438
373,8.456966371955975,626.0748105804958
374,8.103798173512972,307.6887161941699
375,8.33095039143301,380.0542579671863
376,7.803944481623416,676.6784241800864
377,8.12910077795819,717.5155471912449
378,7.774861881274147,239.4040930060177
379,13.19097042666175,2.6811998999448782e-15
380,8.005336112325734,595.6421519770715
381,10.14617471494962,572.4889219156711
382,8.357813832588784,560.8098510840006
383,8.853094051368494,176.58334688692767
384,8.451435415925026,588.186408409381
385,7.785541810562634,84.10772574414666
386,8.615839982458471,391.0530512731647
387,8.48621998878732,88.61788633731976
388,9.18999832142688,5.27828340036627
389,28.32554410493952,271.93006586692206
390,7.914346860938936,677.8103406192917
391,15.19089622894041,1.3867141360512168e-10
392,13.41657226225362,0.0028679454610647495
393,10.09944886116569,39.27778681680224
394,8.142406205547676,288.0025769015976
395,8.577842319438885,651.3841197259368
396,7.959638200435259,464.3917085699006
397,10.57103315860617,171.92960180122572
398,8.101351158334378,599.4625466904424
399,8.632601588090532,485.8071796772712
400,7.898198382505755,440.7899491394473
401,8.327933351414963,180.3853206882205
402,8.982128129221014,414.09298185082724
403,7.965412888369681,386.1978046724451
404,7.820731456887506,219.66120816116012
405,8.031019397385986,332.3666120097933
406,7.757853105002191,620.446801576887
407,8.195232122269843,25.759553501688895
408,9.387907141923238,710.1247986920048
409,8.862542790276697,50.65875146131238
410,8.125795630395604,183.13412161025863
411,7.966356473856827,273.1995403040504
412,8.646194302945858,435.76953062431306
413,8.744806844297788,513.1618404052515
414,9.031387925870442,249.3838899116015
415,8.152733589431312,212.3633652643502
416,10.0939769744873,9.044976495928863
417,9.356647764553106,410.55096711053295
418,7.494815885945591,223.11436996756822
419,8.819193316637888,39.97754664841931
420,8.58007662755352,128.49058142288226
421,8.24823733404381,477.15552495376954
422,9.455584702293924,0.6565293625654528
423,8.305294879669887,266.74294144699877
424,9.871667188773708,173.79045407571635
425,7.799529745927917,488.06033426091193
426,8.455768902045088,157.6608839381686
427,8.387717356465641,410.122036505303
428,7.814559168904371,95.86668991137594
429,12.36423774200474,2.2073045106544304e-06
430,8.571006526735244,379.39142713446836
431,8.392967495686268,385.7102754057706
432,8.955396778983316,324.6578200668988
433,8.50384971963435,10.119995989430606
434,7.265598905457329,432.28854774619487
435,7.438023637413013,400.3236790935778
436,7.43112515713089,245.08448083232403
437,8.159982849137203,658.8030923870976
438,7.328503902912264,689.7741851654899
439,8.248272824061534,92.68191359287252
440,7.99998881607233,77.49172127719471
441,9.578193136510038,9.051324412021568
442,8.815965288512249,436.5690232719298
443,8.070031093413192,220.6716100977343
444,7.404874702796637,512.6152932841894
445,12.96225245755066,5.028173472018122e-10
446,8.118945121765137,218.79488662565578
447,7.944585059385227,141.47149396209227
448,8.336549538363952,375.5751964976184
449,7.857328965162837,668.1319653106696
450,7.516657857624849,569.6673107539075
451,8.86887357674612,62.43196495135519
452,8.726990808972904,216.97499847069545
453,8.653322140971262,87.57758314951784
454,8.98512648393264,15.542937579160588
455,7.90408355032196,407.7919997604897
456,8.387726389505962,347.0781703006575
457,7.491944424621849,81.15049437474522
458,7.193303778333196,609.1544635703264
459,11.6777074722826,0.005707836440311098
460,7.717385131543305,110.83640736437977
461,8.31369038871259,398.5935167733858
462,9.029916478782694,92.22017585390813
463,10.11672100845667,0.9107791487266169
464,7.269884713450343,202.7218298077901
465,8.161179729040333,432.632400650045
466,7.777722315944874,467.4504665273574
467,8.163085093986956,564.6894832237086
468,7.626264393977414,265.9206605679795
469,7.498080931776255,677.8229562039145
470,8.660076013113905,142.59182522919903
471,11.54106531292887,4.4233066987158763e-08
472,8.74490592072264,20.91078809844821
473,8.186676727777769,44.734487105850675
474,8.834738933651236,228.63590898960123
475,8.172259941043599,242.0988410852474
476,8.13880181526403,556.873084054723
477,8.70235243418807,224.8282613837348
478,8.457089165023906,29.168509219059416
479,9.034513553921123,304.25303570630115
480,7.837066143371644,59.55981868171643
481,8.933540417835513,82.16080925222074
482,8.087010526274561,637.6520680202129
483,8.912192091834008,10.974264629496439
484,8.683669125594545,131.3857882051137
485,11.06862143293902,3.4794632073429206e-05
486,13.12015678271985,0.0003085572237716467
487,8.656452892964197,669.1687690215989
488,7.887097998103165,178.63337925680003
489,7.927182903692115,231.5776092683113
490,9.03211298043331,124.62723359809902
491,8.631626075787285,100.32624945981524
492,31.39046967545878,244.70514978097546
493,8.814670957194705,453.2841997585985
494,7.933518162638214,318.16610608144373
495,7.92228337202368,627.1991163635316
496,13.28210854660419,0.19718642412712456
497,8.311443597899776,591.8758922022699
498,7.454388985409508,659.8519836179405
499,8.90126822161332,60.413764999936355
500,8.259507586671287,250.10671788012408
501,12.05430331251656,2.732780692227004e-10
502,7.24375840204126,489.1452335209591
503,8.723266800413402,79.98751834448534
504,9.186789257268778,571.0372328190175
505,8.108745839671123,234.2139960339135
506,8.86451811293365,620.6619488582023
507,8.223112990341459,707.5224221973101
508,8.567965044069663,364.1699768853284
509,9.566597358140324,77.892754510595
510,9.144602475584719,436.9152048575051
511,9.420350284452441,591.9457392333817
512,7.610974371823276,110.98853280071259
513,8.54176747250182,367.6471746026662
514,7.587328855032879,661.8878391885278
515,8.75769788898173,98.52956745933545
516,8.808997005317996,258.6327251844719
517,10.84125347937202,0.004530397845373557
518,7.803510541382023,75.8454215934065
519,9.073410481091399,350.92684339377666
520,8.305365456345536,436.99784173185134
521,8.438436083895327,522.8737283043365
522,8.240505239205874,268.62233270616485
523,8.677053077632154,710.031271027884
524,11.03378481299588,108.76023061109044
525,7.313843317428055,380.80351005028444
526,9.155244475397716,48.27567519300622
527,8.463535680169716,335.5236267300596
528,11.0432899572172,7.131911577302284
529,16.28313899097003,5.018150779864455e-27
530,8.111967138438134,288.9262867962243
531,9.441246325885492,296.82428373580063
532,7.616885903689742,563.3037032524313
533,8.346398686449056,637.8264447870116
534,7.782248624646217,506.4744050142977
535,10.48533185893592,0.0028276317677443387
536,8.192088611486021,687.2000109879264
537,7.83795647235354,115.89054412420708
538,12.17068302146177,7.719091175230058e-12
539,8.363433060330603,339.3293209326268
540,9.267055458741153,141.83866826507784
541,8.464826474952742,303.31644804846104
542,8.624231031831693,357.4228011601569
543,7.840436284842356,151.30387371648078
544,8.03901082082509,619.631540154943
545,8.370570033083828,27.504162826225315
546,8.704920827752364,50.633368787311966
547,7.339470941886717,429.06642354368626
548,9.319306009751601,245.54136155036068
549,8.818694693268446,537.3501388834223
550,7.406577767635179,667.9309913363226
551,8.499877020559184,248.77727634272708
552,8.088787192625357,692.1768672398817
553,12.86499952524523,0.0338083238509292
554,8.706380099182832,52.48387702364168
555,8.191378832828635,676.8128042079395
556,8.559537395652903,331.20096340638
557,13.36803016856308,5.423609538329739e-16
558,7.443568798280333,486.37188975329593
559,8.028881080434504,399.70601892830257
560,8.635783029825582,351.831265222566
561,8.560047061238075,68.14150783315912
562,8.624266139217902,189.25302007649194
563,8.248318310151488,646.3478897004901
564,8.361528271884568,405.22701049702437
565,8.215768875337895,619.3845593431887
566,7.78134490336609,727.6914657157809
567,9.1476491396512,10.507205517780932
568,8.651747544942143,571.5050716468402
569,8.625002392740166,318.3917014732501
570,7.358837147508527,275.2730197864282
571,7.92145061074447,468.4113481494725
572,9.068900715918,54.66033717677296
573,8.029489963091425,582.069388757049
574,9.354080991500295,591.4618194024669
575,8.649906207677814,93.113209650501
576,7.881812546328173,513.7667817191917
577,8.206719752528508,524.560783783772
578,8.528371676952588,125.25610638333292
579,10.12335148688359,0.4284952725479068
580,8.460138782260314,37.400903220612406
581,8.764086320838425,427.96614514685024
582,7.569808222206692,438.5097205860541
583,9.15471109754095,666.2253175066202
584,8.499615852910555,570.1307869885813
585,7.248530480145615,312.5883050806997
586,8.516337787459607,12.353525692975653
587,8.375290316884628,460.11274475224917
588,8.06455054062889,451.3931377744964
589,9.25084116762253,146.81195297373029
590,8.60308470966781,564.3922192227642
591,8.164543149203459,434.15800253088634
592,10.05500298913594,0.15502830277696214
593,7.844283609172511,309.5806482146248
594,14.67748559449265,2.131495853137992e-15
595,8.899956272204616,79.12603676138654
596,8.237754658294296,308.0716397006881
597,7.654699803490252,88.5903475951235
598,7.786906590535015,153.13278939097995
599,8.237809998434155,636.6930274424166
600,8.128748921172132,44.82206229333038
601,8.503476825460641,0.3345439264328916
602,8.23079257126716,407.9981392929246
603,9.258530318306304,550.9044011433037
604,8.268592716138109,354.35258793745595
605,8.393377215720589,492.3023304947225
606,8.35504166161431,633.4868428358607
607,7.471113291216898,720.4006137921565
608,8.560340686008855,385.17742402590113
609,8.290558589187684,525.5733039589277
610,12.03430680632716,2.337701978188071e-06
611,9.101795350737557,208.23597581666604
612,12.25454966084911,1.327404982925012e-05
613,9.167205424197343,65.50150983303762
614,8.230311299370747,658.8852144052707
615,8.762454306099455,219.07931751657398
616,8.295708785055954,365.22383586311236
617,9.52146981561241,55.29910970901146
618,7.918479293910782,642.4915663864226
619,8.682236701455233,28.734201550494845
620,8.933314697250916,48.496465520464874
621,8.705319610359803,511.0165414586529
622,8.045329841703387,421.3604132087243
623,8.386269474400208,585.1958210985501
624,8.422800004728737,465.47451259878363
625,8.980461736493297,361.7413752333824
626,7.915286213500702,282.6279745119997
627,8.647550816617704,303.0924351093217
628,8.95334045825521,655.5617333136654
629,7.31753779775268,375.8958112739837
630,7.452567921529072,202.3891185569519
631,9.417263196090763,421.89149267644405
632,8.833928411370957,604.3573830779063
633,7.903100483421658,340.9943362715215
634,8.13310831525765,240.97870701545523
635,8.278344998284945,718.6541521240075
636,8.278857994375931,335.11273323874786
637,9.12377098509877,78.42878428436784
638,7.626962534888918,432.26285742858
639,9.483897158649452,320.96272383166047
640,8.300326441549917,542.4123941174529
641,7.399492929609279,575.9081297156114
642,22.18418314413089,5.409873673211564e-12
643,8.934600180655888,446.58618725468517
644,8.64163205769105,607.3793312300174
645,8.108072087627788,331.17705595884496
646,8.063030534740657,46.317967912620134
647,8.087519415022252,647.7938884433662
648,8.220200633128798,598.3705317232105
649,8.037110603307871,657.0111193992108
650,8.472989344251483,504.8043819641172
651,8.315849586613496,8.976725516180839
652,7.462583249813701,706.8547257124127
653,9.400071661885685,273.80902661384494
654,8.491341863201095,265.88168500271604
655,8.695044754944588,0.22851169612624198
656,18.95522917727592,1.9251436749993593e-27
657,7.843066452987198,327.87460549868024
658,9.410521502698675,621.5821715887643
659,8.709924728593538,502.33748349500723
660,8.051847279219626,549.2693674115942
661,9.131001377731437,16.973708898940533
662,7.814827010581794,356.95843089369305
663,8.855086186920536,123.46441937703109
664,7.806136138729775,445.3602124417878
665,8.17817433228595,507.12681900413764
666,8.593258191124917,36.950990677819455
667,8.285883798699327,502.0156650151631
668,8.58007656228564,222.94927462159322
669,8.990886783645017,572.3792650565971
670,8.344929734917384,367.3700883914514
671,7.906393307296649,523.7708367365833
672,7.790111369450901,318.41451245188824
673,8.833647332113227,367.1711774784221
674,9.189304607610326,178.55623370833476
675,8.810032596857745,100.7121448581978
676,7.175866402013931,544.4563592510233
677,7.700764106441451,593.1155182850927
678,8.313246420258835,319.1410200134824
679,8.714785602402502,62.283189105635216
680,8.3712811090117,98.03310722061462
681,7.489759682944348,199.06224620317676
682,9.089162270111405,2.6938527706847424
683,8.639726118586161,559.8891261481879
684,8.30347320867294,536.6812390186745
685,8.179859735074555,676.878541368247
686,8.725319550217522,130.46421779027074
687,9.256255316149417,537.8132470929465
688,8.791467297148957,619.7541640338437
689,8.445027009122162,139.1640339950442
690,10.02446153617664,75.44212170509488
691,12.51734086895515,4.99915113147027e-05
692,8.713577297399041,93.85422914847733
693,7.269254908341875,144.27120773159442
694,7.925359890622889,143.24375962433444
695,8.617589647040024,334.4640505101289
696,8.356813257148444,299.8610860397265
697,8.178455027514156,197.7864890708308
698,8.405433084030092,595.2065018998142
699,8.899787475549658,199.72506095353387
700,11.1899833014399,37.44827383982182
701,24.44648117449625,5.033969000381579e-33
702,8.544529652339538,287.4780141531551
703,7.914501322477517,651.0147978631799
704,8.253082471838983,501.7377980547846
705,8.81957083497943,433.42176115408665
706,7.298571646891868,320.7414123329106
707,12.32780848658834,1.0918860598310894e-07
708,8.586781471922752,180.26941565624793
709,8.5077158738816,335.41887413963315
710,7.804121034330964,260.53869574085405
711,7.868215562138177,509.1294666953794
712,9.053798101494044,138.49868413814642
713,8.282791393848342,428.94181889389193
714,13.0177176269098,7.787129503932446e-06
715,7.418149657446628,551.6859314290499
716,7.486317769842445,505.5244233253779
717,8.507287163804103,183.893634688251
718,7.9157989051857,401.8693883396232
719,7.773474531688144,65.12617700542789
720,8.036222119819215,703.8006218764115
721,8.337132555578375,63.22621833143979
722,8.496893647181244,289.58991290421665
723,7.570912525120239,529.7520293563515
724,7.306364524251379,418.2725986106307
725,7.703276107233939,423.32796245402136
726,8.657951822709423,204.00234532121607
727,8.452854941642226,45.83079437210591
728,8.099885665269388,414.60715055367046
729,10.87474098151081,0.011161418431701917
730,8.024667676340048,367.1047432510568
731,7.650913762525499,200.4938933074334
732,7.798039750234822,379.2145720144242
733,8.921787521520383,175.19140088777675
734,8.720733356131662,504.37273201783955
735,7.924863607489439,322.03340341424354
736,8.224886157944786,12.132745124526805
737,8.192588190255655,664.8029287443761
738,8.11692902347377,215.88236912517846
739,8.637642568340574,5.172890449545683
740,8.53055643680478,717.1196200055253
741,7.478635229235469,447.00626390859696
742,7.212723759770366,18.77129064063847
743,8.388143975128095,18.748581634547698
744,7.196098255327633,608.0204632151016
745,7.674973262733864,268.345643343327
746,7.002162842261408,709.9110709037451
747,9.572048146590156,4.080156476977789
748,8.104885058793718,642.2631072417802
749,6.534358949196899,688.8591730805978
750,8.088104911944459,611.2798739838781
751,7.773295018696188,55.271753052178816
752,7.808365324843484,342.77766515108874
753,7.886611029782204,173.39518920299025
754,6.740378246367094,614.397321540243
755,7.239517791965269,551.311224063886
756,7.868773868134237,61.385258933419806
757,8.073040060163278,526.0899459849944
758,7.739490444482356,564.0552782242122
759,7.056955751314907,547.4373957329734
760,7.440593447159093,688.6641307314632
761,7.452971226416979,523.0312848333347
762,8.115475317293928,215.46665233429988
763,7.607256432486994,61.80580981452972
764,7.788721293277022,118.18366729067695
765,13.19327177712094,0.00010864298258292398
766,7.458136793165563,540.5854063230248
767,7.454877018189024,14.910472472498398
768,8.937015863145513,0.1806216535177492
769,7.34943650530853,550.6582527719092
770,7.576952985809061,111.66676635752718
771,6.833918281222879,364.00543962269177
772,7.999892668801899,380.28608189972397
773,7.380729649497064,194.96441016388246
774,8.033273227283779,721.0663980841366
775,8.31433922939524,311.32820751905666
776,7.994879060318456,440.90057592363866
777,12.15474086732134,0.002561909575834348
778,7.457933159352465,509.22625856085676
779,7.707973163996467,320.91391650837147
780,7.700009990526641,710.9188592054077
781,8.472228618812592,423.74620292872373
782,7.08591978772455,162.11956294467691
783,7.750285565648603,86.50878696514302
784,7.373186154996243,133.60813946481656
785,7.470840521198712,298.19033971142005
786,9.006949162890315,37.26093385461704
787,7.310641471966951,123.32498832253835
788,6.983406139211402,379.6084878774847
789,7.192636743024588,392.7141946389896
790,8.093500777270625,214.7315982191969
791,13.07385824066142,86.08021788842758
792,7.057821816697924,315.1324051656583
793,10.13069760737667,0.014218268876821028
794,7.403136984121243,108.39130598467477
795,7.955675658757079,7.725591831253376
796,7.471924472491801,426.84751083686024
797,8.014685018346846,321.75873708328254
798,9.337077378672376,63.711486599530836
799,7.980482806590029,0.6303720699590925
800,7.042357092163797,587.4813172788462
801,7.130151669647927,376.60189010390144
802,6.981998234583425,668.3941471451324
803,7.868773166552771,687.85273223649
804,7.189757527853109,94.86409939073899
805,6.776227045984798,439.948359298282
806,7.759857702422321,238.38412096560768
807,6.665417637484146,165.30047061233205
808,7.181100821938446,578.5237878635204
809,7.321371047715193,575.991187645984
810,7.212576590601569,291.52993302131733
811,8.398325601252465,2.7517304025598825
812,13.63554963331659,0.0013427969278958873
813,15.85059488105954,6.950257232587295e-05
814,7.518770341795629,284.92788655272557
815,8.120432551574936,703.8931112436021
816,7.736239318556094,713.1378200105178
817,8.295230664903633,343.05880409220447
818,7.76892707243688,139.26412203351987
819,8.311957745010158,214.47945979003896
820,6.80418953541166,709.4996999219863
821,8.129725079081954,454.68276480727684
822,6.949563604284263,613.3744075747516
823,7.255133377086247,127.44714125032176
824,7.438376652080498,361.100877162546
825,8.264403364844107,16.661970109209292
826,12.96028331411366,1.8559245515946725e-05
827,8.124390702891178,668.0145000363751
828,7.326828041261345,687.8777005153207
829,8.342038886417077,470.5408330781697
830,7.091680230892326,360.2189942485458
831,7.289368674738819,97.67248049754289
832,8.331517389035382,706.438183659554
833,7.382024829485218,573.8290034633567
834,6.771119749503746,695.1924493160285
835,7.943764628484627,400.71848215027194
836,8.16550332723745,411.56232392911204
837,8.208349653046099,267.85738452663526
838,7.296595939288169,518.2927992087066
839,8.133090892748683,235.1161872864459
840,7.962549566326005,332.29480140883993
841,7.222951406004599,583.4902272791488
842,7.620235853283362,102.13285774451327
843,7.643793734016556,220.0555821391666
844,8.120734745959226,584.5491987000405
845,7.506880934587901,502.86652302047236
846,7.420300845121381,97.87599974069512
847,7.922428210441232,147.0828068063777
848,8.92717027503876,85.91481466016445
849,11.10216733726256,0.00020268057868898576
850,6.780349388461842,641.8238612883114
851,7.834164735761984,502.1556095766313
852,8.009043017802604,123.93249946987288
853,8.828091960472923,60.28087997818169
854,12.60071197230533,0.3430394595900336
855,7.30578684656818,153.86386265105773
856,8.300069706444456,709.8798405314643
857,9.939464144765783,70.04223830269109
858,8.134245570314173,679.6879748532871
859,8.01827349743221,484.18100155881854
860,8.15446918068567,473.84992750936937
861,12.49370285883551,8.279809480750251e-05
862,6.81991999917754,718.5505721138159
863,10.00788257194612,0.01235154038543389
864,7.30672507601291,211.7777459380842
865,7.779556682008542,1.8546040286530712
866,7.920266445583326,96.129810398672
867,7.939376900363924,117.14120561485464
868,7.180908041445287,601.5152933229106
869,7.766672913059008,299.4677910459584
870,8.327498848040612,45.43852954127822
871,7.615925299541233,503.71416264262047
872,7.334765563853676,311.180519758132
873,7.98528504649648,111.89638978996894
874,7.065186149450174,653.1325838364896
875,8.125935773287296,103.58642919841427
876,24.03803366197417,2.28948365301596e-05
878,8.034282563321927,688.7934464935045
879,7.34162371794731,366.6835979922043
880,7.910978693485152,336.09322047816227
881,8.171237724161204,91.44931388465561
882,6.736915934737385,702.9093256974837
883,7.515020208003501,610.3034892015747
884,7.427283610159686,534.364438184335
885,7.12673303732413,284.5860476677576
886,8.047324577560568,481.60265264875056
887,8.011781990303062,308.0580056773878
888,8.494297204623397,13.57872834999875
889,7.346784930979251,600.0689932125489
890,9.883830258110143,0.007206435129357143
891,7.698020529723207,585.3196401672943
892,7.531060738505687,614.5256372774858
893,7.583906057881538,343.7350072259216
894,7.289225858313142,276.74568428250245
895,7.326576351307375,470.9970969318119
896,8.54221837971546,155.91147114725135
897,8.288210368817944,18.37169803195252
898,7.232570341370154,160.70974791889898
899,7.312144676383876,685.6751068640929
900,7.859413244144855,381.05698438835714
901,8.282056438613038,73.56690776443315
902,8.016996869223368,62.117330760735776
903,8.848074034431441,698.1498527528707
904,8.97968160067358,26.624065532114873
905,7.799993845928398,288.39835147281116
906,7.710929612086203,32.68958789024355
907,7.138540301625613,51.489214612770176
908,7.679517922364804,597.0036075567557
909,8.008495933218512,63.817308458347846
910,7.701521444546233,263.01914207351496
911,8.762537893040005,400.9680235417383
912,7.702739688807706,394.5579601405799
913,7.092037354714583,320.3116984540349
914,8.399969278345734,686.7963505346504
915,8.497828707271891,0.8186059445824723
916,17.92387873805898,0.00011881196269898995
917,9.328681399974158,352.9100919413355
918,8.131020975340391,488.12768176914545
919,8.13286257553366,304.15548534298676
920,7.922123023752714,446.53624541766146
921,7.869410954255406,304.53378531819044
922,7.838554730823837,441.74975696563286
923,7.501571467842344,89.55297887476819
924,8.763384655261936,2.8502633134419946
925,7.076069098804346,181.94472585675246
926,8.200491875865504,180.2998218314205
927,7.957882720728774,526.848262178248
928,8.304546756309094,287.784710759045
929,8.353409271442276,4.302749062092887
930,7.057362747938329,670.6101922009846
931,6.91443594515101,592.0647879047051
933,7.518671830989434,698.4779623457623
934,7.426985438753828,133.34181743530254
935,7.444099238350262,287.9690411109695
936,8.835040548013666,241.04532229168836
937,6.936248080506828,462.53914469455873
938,8.06909837785267,171.26248237760726
939,8.061704426844244,379.71951439482865
940,8.388248193813455,695.4305948871519
941,7.859208950136527,49.96161335138881
942,7.180857707320336,604.6721187488125
943,7.374571077173014,236.8946969250001
944,7.530287630979684,338.7440663362176
945,7.644435635267613,276.9221677006622
947,8.406586374814404,577.6976388070431
948,8.820644751814049,37.300827147612345
949,15.09945136234134,0.23982120990245115
950,7.294022971411949,457.25942846940893
951,8.286770263712748,423.276207569392
952,7.23340851431285,291.1494197326041
953,8.027400547531085,709.2834366558957
954,8.173595252883679,304.868528478138
955,11.86951133091778,0.012722928833040893
956,11.69691965788065,0.5641084696622443
957,8.761565869502537,78.1434394913287
958,7.398611732125093,397.84248820657893
959,7.79716804512608,126.72282232065973
960,7.049280117391565,647.2792063312265
961,7.102768139626948,461.3230079833834
962,7.245288515588561,168.40182535576244
963,7.553075424554683,522.1193896457944
964,8.10483167825177,308.6097321282937
965,7.684829702334702,68.33009930742499
966,15.39867010031152,448.1156951748899
967,8.675213765450927,0.39242487761931283
968,8.099233535997946,251.65764336365
969,10.25314189120579,0.00034577865624124655
970,12.57184608262709,21.496733428356627
971,8.458947416813446,64.15136638374258
972,8.730909541905584,37.943698763350326
973,7.228107337423297,565.0447467001696
974,8.339389138344613,34.593478329731866
975,7.511713065821332,670.5746623498105
976,8.753055003732602,217.21905396193665
977,7.305958709488441,362.125743735614
978,7.536454517556232,117.59486155883968
979,7.607550233051213,295.2615636882488
980,8.223965021096339,579.0461401918484
981,7.570548064216983,415.48477308604765
982,7.606826615344187,578.206001925496
983,8.010546070280007,384.3204526271196
984,11.01132080462462,36.067157801615906
985,8.435388836931558,527.5258624130105
986,8.324471784466416,629.7573163152241
987,8.318962696580192,652.0749047806288
988,8.033984725943254,488.73514967458937
989,9.199024327258659,152.2827957766996
990,7.687738868510619,295.4611779386566
991,13.01407188473089,271.51234190643237
992,8.250534955565927,0.627032254904891
993,7.669840093513684,463.9703269566419
994,7.884348423330911,414.69074737129966
995,7.866879635752736,187.95323526299632
996,6.632808172797352,720.9140286996117
997,7.546300734631147,280.7569169731929
998,7.717488769215402,566.6301262609871
999,8.153165104951109,300.8398612933399
1000,10.4615455746791,569.0037650206131
1001,7.772290769658482,615.3143405045405
1002,7.267289144191556,33.218216054044646
1003,7.742813556531092,341.94230762899423
1004,7.004577064576682,490.6345966233892
1005,7.644387703762579,131.82374718335356
1006,8.465423024150155,179.7609131009308
1007,7.639221736855285,31.724945755529983
1008,7.679392313436083,498.4485241705169
1009,8.297413464383368,50.518792082536244
1010,7.27760658104156,585.8318346861736
1011,11.00672745492682,3.7588348997662138
1012,8.732009065948642,286.95534716577407
1013,7.202643163000068,561.0270438730928
1014,7.872878056917867,413.20517908155995
1015,7.187893731286208,154.80369736736552
1016,7.608738786901772,209.23340423450836
1017,7.416463131574351,438.44716501518013
1018,10.3459835858894,374.7363498797571
1019,13.02066233836526,7.7541594637534e-05
1020,7.299306823622116,196.4732373078939
1021,7.5796171411991,646.4235414753261
1022,10.53264065989892,0.00011120347450975874
1023,6.891642552284411,562.0911612247988
1025,11.78906658097103,0.04419914166611515
1026,7.592126127284868,575.8504134933302
1027,6.67682193015669,643.690711393689
1028,7.370705106506691,155.75034556830138
1029,7.830196753829155,417.16036065000293
1031,8.225216925187866,420.6513360358653
1032,7.492350719206877,97.87987778143012
1033,8.017334392876286,728.5694502737213
1034,8.181341983037724,441.7451437775261
1035,8.025049797466602,318.1595503371802
1036,7.638332586386377,232.1090022794842
1037,7.417566752284088,681.9970535778775
1038,8.073907353254453,646.863461246906
1039,8.036447621295364,650.6601003780352
1040,7.906479016897224,63.99562929952108
1041,6.904485411716216,569.5257722966546
1042,7.42972388672958,635.7556779132287
1043,7.513336494750181,624.6755056371431
1044,7.109965697863426,280.74097727272056
1045,7.269153644961514,24.461950707576
1046,7.173980417941987,558.2450862194224
1047,6.886073520534087,447.8574209664886
1048,7.355971478849589,369.87822220974715
1049,7.475236816020374,669.1534919545209
1050,7.95089858403013,160.24307102299178
1051,7.470505634793274,336.61180070835167
1052,6.671313909075119,615.6974890273303
1053,8.109277346800138,338.7399127420044
1054,7.564292236160941,708.0087290093838
1055,7.530129580112478,238.14607737478943
1056,6.715262690484837,589.8010577537399
1057,7.694012644647985,709.4390727540784
1058,8.58972871752431,3.9867141956597107
1059,7.527888994249101,129.52415375535378
1060,8.287131853207788,558.3179361454548
1061,8.662721537529798,298.3638141118341
1062,8.382044886681237,513.5401679037307
1063,7.666729109969677,369.4512844797958
1064,7.440418270411618,367.9359273357809
1065,7.914215826303006,4.747332245567229
1066,7.077478853286197,593.6030198267575
1067,7.20021820117638,512.7929132909703
1068,8.352768582562534,549.9042129408607
1069,7.601390475244835,97.9208992478244
1070,7.24892935941311,201.3361678348134
1071,8.440614569020074,129.32775006847297
1072,8.406978175377287,251.17913028965927
1073,8.278990335831873,129.71246776672095
1074,8.190621458405555,209.50374032224224
1075,8.398839460867464,58.50545387619684
1076,8.928802780839952,249.70139848566507
1077,8.119307045929913,606.8571245657338
1078,12.85645428761966,2.6121878507301064e-05
1079,8.170246949138921,429.1514730939238
1080,8.431777977439273,553.7865555730954
1081,7.908298638097465,369.67457085727443
1082,16.90950528487101,1.416373020323369e-05
1083,8.609224152832702,103.65544279367063
1084,8.148228673972847,479.4188353094644
1085,12.2858173099203,1.140966390186096e-05
1086,8.407994731494936,285.11337911935095
1087,8.684554392289037,126.27892377500802
1088,16.28429722778035,2.3470375971508233e-05
1089,8.40400456927493,319.7733937800644
1090,8.120257177627895,444.61249500686824
1091,8.293437612917467,513.8881587112362
1092,9.562908877776197,52.3075843349348
1093,8.606020206142443,70.86129002056872
1094,8.96575216948258,533.3515306778644
1095,8.09329676302113,371.0378698168218
1096,8.904548193759316,31.62377841185777
1097,8.213717851507559,621.1871146152305
1098,11.50167691423235,0.0020556226639999375
1099,8.305682391203552,173.03163193340646
1100,8.681209373406464,388.09305649425215
1101,8.846822751117218,32.13179479288841
1102,8.550809544493363,239.179750403745
1103,8.193894258798492,676.2267934599354
1104,8.773691241189516,304.62581692444127
1105,8.329560825759293,432.8815881153844
1106,8.510987667492506,542.930178194024
1107,8.303298225099722,163.60003775720008
1108,9.00557805257723,28.90679397502143
1109,8.43838291036686,253.06783283693971
1110,9.903758308503457,1.714424426364904
1111,8.628883249582264,499.0227885788831
1112,8.174776501471404,40.36041409915996
1113,8.306525812090337,256.9528524528909
1114,8.31220579339673,567.2387220237484
1115,17.03823024513478,6.927656711650005e-05
1116,8.008166106217482,594.8961231313425
1117,8.224461977443397,277.9790498805307
1118,8.747492091212385,55.44500254054565
1119,8.517409967165051,319.91479394152753
1120,8.586450023985044,249.32323377752743
1121,8.262415697300789,725.0921078646231
1122,8.210807118537902,691.829619904883
1123,8.929181175135628,394.5404679132236
1124,8.485538636355614,730.335419211839
1125,8.686630963658533,166.51083368908795
1126,8.8624301725831,32.366559982105834
1127,8.672558005475675,166.46757685269623
1128,8.386566370849488,465.8480454808283
1129,8.431539056418467,603.7328003007702
1130,8.271222848231522,323.7105382757741
1131,8.520291529245341,366.71331357956024
1132,8.010592649081667,682.2351173245498
1133,8.137637105194047,674.6419713842138
1134,8.23457589116198,311.7949262757596
1135,8.437185591346912,308.7908812938034
1136,8.099567529737497,127.00164563002379
1137,8.18393198500501,627.317498025575
1138,8.502825358333094,269.1676203769205
1139,8.28936383493111,314.4055369445871
1140,8.350551955910122,518.3015748486358
1141,8.233464343645771,481.5696876905681
1142,8.238050924232144,525.1668429913145
1143,8.282572815685187,578.8924268137157
1144,9.494888143613379,19.817044107785442
1145,8.355677756345779,194.23495196125856
1146,8.280901182673801,687.6703062060916
1147,8.695500006556324,266.791436040505
1148,8.373442243247025,602.8364036467087
1149,8.677406136935092,292.3104632305266
1150,8.950364396828725,148.95152041770717
1151,8.271243903678057,357.23455259614764
1152,9.107140039783925,477.7113604025138
1153,8.378988010667728,250.23920339038077
1154,8.010743790508762,1431.8858884811261
1155,8.545271759706033,327.4462637900969
1156,8.092028673519916,171.67463492714677
1157,8.388489199854812,688.4684283058349
1158,8.25074121352705,1049.1575551312344
1159,8.938457551175286,16.796474524395986
1160,8.460900492230511,383.9489720447252
1161,8.683947390970566,126.95514225669501
1162,8.399870818051568,191.9524993688754
1163,8.399101680077484,375.7853605587796
1164,9.025934345079172,252.31332691399103
1165,8.197995401807438,567.8384114739392
1166,8.094179392884117,474.78607654601893
1167,8.238015438903975,287.4077936743861
1168,10.08947672176742,221.89314733680854
1169,8.358889177415788,593.158849045179
1170,8.298931860256388,491.89563070541993
1171,8.418149665511999,173.93019319085414
1172,9.029387912874022,965.5976620660039
1173,8.346203602883602,260.2529606297826
1174,9.300785704164168,381.7036741411269
1175,8.673649236259475,644.0922310750344
1176,8.316992246224833,670.2339814472731
1177,8.09770554372306,122.85628613517707
1178,8.659408611546333,23.629969878666877
1179,8.129233844458046,719.50760481813
1180,8.316056694747616,334.36283840467144
1181,8.863515932650314,195.13496542461144
1182,8.517684031488084,475.87881975641363
1183,8.03079938291006,442.5548483783073
1184,10.33042451070169,0.0016256997500083323
1185,8.261511461256209,463.0245547514404
1186,8.485506604440236,100.95369406097956
1187,8.64778157539822,271.410329569613
1188,8.408517375941068,366.2981036941163
1189,8.321183387768441,11015.671321375634
1190,8.511345178458038,512.9948085984154
1191,9.267397775915288,189.3369280217511
1192,8.697818454142938,557.9872855477959
1193,8.557004879676013,594.0036274100236
1194,9.04086120919086,68.21368026832107
1195,8.209772732450478,131.6878645798402
1196,8.252813413822825,173.90364627734226
1197,8.244541509014894,445.30941066736807
1198,8.829896333611874,103.25008970058605
1199,7.950566193266015,199.27684496248523
1200,8.922206839193406,271.89022052762607
1201,9.126377746332793,177.80242862613045
1202,8.272019901859773,657.3577490867632
1203,7.945893287821641,772.1407219520759
1204,8.20585599649539,202.33567751751238
1205,8.83105255748619,437.6978460737795
1206,9.207545746324541,108.14338298644782
1207,8.110430916987525,428.9216224471282
1208,8.614923095048047,268.66879406351865
1209,8.710757142527422,520.7959941157519
1210,8.53414596118969,47.80183081574653
1211,8.213763787054871,376.07955277481557
1212,8.677352854278048,322.34405159524556
1213,8.43136220515424,717.5453262464194
1214,8.071405057159904,384.03363287776654
1215,8.498846818034412,625.3611454079554
1216,8.911523155986552,4.002757761796956
1217,8.464170677948289,214.7068122006695
1218,8.662262393677413,75.78112252266338
1219,8.40135427005186,160.54040536385932
1220,8.085380743238327,728.4520738401278
1221,8.538626126268309,22.34512506895846
1222,7.960123376615564,257.41946533761205
1223,8.45583800245985,38.15580549427751
1224,8.573574769373602,533.2875547519593
1225,8.119033318896866,219.76383407573698
1226,8.40086657488539,325.9288894755009
1227,8.350288216693373,167.41919616614206
1228,8.682360717192205,295.8339925868866
1229,8.56459273926879,316.17325279208427
1230,13.15722011427529,0.09577786533018039
1231,19.17670348913524,8.163091024821983e-05
1232,9.267823010253911,4.827091511424592
1233,8.766498304204196,637.6525331388485
1234,8.162335894006473,419.14097919193443
1235,8.178372369899868,653.2392010321219
1236,7.814922604167803,48.16676108702939
1237,8.946359687359047,983.5264934203954
1238,8.070494753723228,515589.7208781944
1239,8.382162438831317,309.8658549908596
1240,9.114194596742916,563.8563135203223
1241,7.794255392919066,3384.7436990923857
1242,8.455220201260634,457.2714140948032
1243,8.527197985530336,131.8438335706124
1244,8.197101546803154,523.191323269959
1245,8.33251415707584,413.283828116578
1246,9.199987280353229,1.2933032531026334
1247,8.059399143570811,309.91935575793354
1248,8.787602351347449,376.3623636742458
1249,8.930054206968737,582.8974658616883
1250,8.574310902131963,517.3798353305394
1251,8.706649443635945,288.31998495752634
1252,8.406006263621977,249.8098583557776
1253,8.088226631745812,335.6991923924811
1254,8.333747609085039,673.136952876286
1255,8.909895505607626,675.1734118691417
1256,8.227852540943331,464.18922521874805
1257,8.394407245341599,107.52060526559181
1258,8.632947535596397,475.36889711717896
1259,8.36482544511539,263.46168296859696
1260,9.146357761310464,81.25518083765456
1261,9.322983490776748,0.19997129843928896
1262,8.240243586391047,127.1793396789868
1263,8.324527984183003,282.72338154361887
1264,8.990432533732953,7.031565379646418
1265,8.062728131480137,146.0521805331419
1266,8.5487891308426,165.08241370378445
1267,8.95026143803979,300.37096425953234
1268,8.396527930751402,238.06079337688877
1269,8.3415249434127,241.51752770623062
1270,8.383687535498385,368.7072363904576
1271,8.491978357273393,703.4812642176502
1272,8.188432028830103,127.8067067336329
1273,8.343507280670485,252.33597932491895
1274,8.56421039714263,56.29409010862309
1275,8.39446452529853,322.1806934601012
1276,8.090379174454664,681.382816227025
1277,8.302326637873291,253.13686297610863
1278,8.420896596629756,184.04079242995863
1279,8.15621694788131,516.6138953295635
1280,8.170891324753349,671.8750518471007
1281,8.522681774992122,565.5262680897658
1282,11.9007596810823,6.237856615379163
1283,8.348112825075644,437.99900155415446
1284,8.194184853720456,128.1113309884641
1285,8.633266687186612,54.62854677223489
1286,8.504600514946638,567.2275516599709
1287,8.67743233868687,208.87432704438947
1288,8.637908649135356,584.9613562309262
1289,9.553766668728276,269.50027729591756
1290,8.135753130141879,506.4039707064875
1291,8.643684705181728,21.26755512430256
1292,8.209535379418726,46.397138926808545
1293,8.329171030872407,552.3903800214424
1294,7.96112596010189,606.5975535153892
1295,9.075473795075606,36.86011845248132
1296,8.188349546248617,325.6259252531969
1297,8.415646791646374,54.78995661078058
1298,9.024261817855386,157.8631326256528
1299,8.056132307801123,613.2929735337202
1300,18.32087123665099,0.0019058007796955512
1301,8.465573421142972,499.8274523773452
1302,8.625716082875996,451.2921845305738
1303,8.420790880361228,153.0668913053268
1304,8.191166775359243,541.851419862565
1305,8.364183698261863,206.66366391158084
1306,8.847656256267115,687.0504710111887
1307,8.285031875240376,133.22411905427853
1308,8.630747687651642,431.54474083846515
1309,9.766769780914327,0.011840324809697302
1310,9.134116236740775,284.45404223013
1311,8.240947108118394,250.78692489079128
1312,8.338966766019363,573.1428733828545
1313,8.212069111938565,527.7481461556837
1314,8.243943312314633,478.2649399345727
1315,8.077123362845857,588.7325871437383
1316,8.205436276308369,700.0345844687694
1317,7.718392254155301,179.41647004842147
1318,9.121200901158849,1.2957502402552978
1319,8.065653180031394,549.2994883870889
1320,8.385408939439039,547.402280931309
1321,8.399345289064932,545.7652712167373
1322,8.438904466305726,68.39750564012698
1323,8.177168337774425,560.8883600125484
1324,8.610279587268336,703.8916776270987
1325,8.554987925760729,66.46752652619028
1326,8.40418934402948,113.30398448856687
1327,7.878739261102099,272.05422195005315
1328,8.20367750064511,467.85765330012396
1329,8.305929523777065,34.416987307932914
1330,8.010864788974066,602.2585778981896
1331,8.357826422789701,673.8967986148276
1332,8.59085523614876,95.68902180443304
1333,8.394750857782753,663.0462596556561
1334,10.82658324781616,0.00011676787082935755
1335,8.249305720293645,443.43944177867024
1336,8.446957944838429,89.65219595059651
1337,8.959538099007126,476.2982437322446
1338,8.336051763788486,258.04306839929774
1339,8.936171752203759,91.59511788619365
1340,8.445247985543116,240.65284357818305
1341,8.340478151857573,170.33990742415753
1342,8.733214499125944,37.90452807302317
1343,9.83114903794502,0.6286022172066492
1344,8.835454626440912,63.078259991706126
1345,8.195596800165694,233.28338463384142
1346,8.662003314277126,44.11341836361641
1347,8.429387209827274,450.26246324870885
1348,8.583453926772165,662.5023875776634
1349,8.089793887947623,560.9392609553673
1350,8.382995846543135,75.85450831338788
1351,9.592648101874877,0.1848047395850948
1352,8.17345746450027,45.33795049746136
1353,9.244761347892336,547.369953428729
1354,8.227451695630114,531.4212163737427
1355,7.321259030782244,359.64882849177553
1356,7.085809334287344,470.3421394926804
1357,8.231818888813129,362.93790670092096
1358,26.514728204591,2.851014943647667e-33
1359,11.32129403778558,5.2240341179591025e-08
1360,11.46616686264829,2.9984208863945847e-10
1361,8.124181754230294,530.1834596078171
1362,8.155294984532906,120.16933179158285
1363,7.586739717873113,341.46129932997275
1364,8.353958074555806,632.4280919394337
1365,7.076542637466963,347.9229947032864
1366,10.74522004719521,0.0009946910498993165
1367,8.305701805436998,46.776734113063156
1368,7.918539210095279,517.2254950166509
1369,7.962767022350461,626.7908863266888
1370,8.125812560159556,640.2963920034892
1371,8.805651687165554,643.0595176616672
1372,8.29081607817982,78.32651115091906
1373,7.660704475272423,125.24111679537357
1374,8.372271496097637,403.69370735263334
1375,8.394228429275296,269.27259070139814
1376,9.937569155140078,597.6429370433434
1377,7.382358879964134,536.1695701974738
1378,8.42583282212488,22.867120760058764
1379,9.431504664603313,423.01549686122866
1380,8.633624428022916,349.93546329408787
1381,8.744588363752005,430.95897209574406
1382,18.61484880852163,3.1205374579274615e-11
1383,8.667127605478473,323.2817234002169
1384,8.081471170722992,248.33884694895076
1385,12.85458114890535,0.07932833465301196
1386,9.016631368630664,641.2229133061331
1387,8.063345445066492,676.3370089249473
1388,8.592154562218955,103.06414248841646
1389,7.673458285593172,286.6167659054206
1390,9.035420117079424,150.9242114368542
1391,8.03569793862071,263.77042491380325
1392,8.215916197513492,145.47872659748884
1393,10.26680047477165,0.12937863998450677
1394,7.889757259108699,233.46973911820183
1395,8.338175661777969,647.7802363401787
1396,8.381332952201006,338.2643734107965
1397,7.8356726234783,711.9873731892897
1398,13.87924329457156,0.20374820014364872
1399,19.42487940701617,99.59580889292087
1400,8.649079494822494,167.01242767264995
1401,9.668070507065723,637.9827615325075
1402,8.504357223378834,708.4516456841617
1403,8.828292837840907,3.5396739358132487
1404,11.59874465568641,18.483329666691308
1405,7.777349448618867,675.2311695924443
1406,7.881575396087222,277.97849092305063
1407,8.581210991107712,677.9475756249343
1408,8.324224326253223,241.1073533195695
1409,7.937648934711233,588.0604595912991
1410,9.121662066488312,46.20726121768577
1411,7.65911331468569,665.5811570093821
1412,7.855887729836709,299.7362570329632
1413,9.99448664414919,56.2701380963632
1414,8.697977141941342,90.88482612874606
1415,7.152914210899598,137.13026399348388
1416,11.28479694955855,508.5429919725394
1417,8.051909087247715,78.41673121579952
1418,8.878870623016203,580.8059916897488
1419,8.190803221870116,668.1052764479772
1420,8.286254530213926,374.11548827728325
1421,10.10576118830262,684.2742203241673
1422,7.055082742707779,547.9180970625916
1423,7.061858411706699,426.28554839881224
1424,8.641543739249228,35.077951056626304
1425,9.309296405541255,284.6269449601953
1426,8.2430891547669,163.40212254453866
1427,8.120889752316572,520.2616895721661
1428,7.156625296246792,392.11799650069753
1429,26.47622324991115,152.80793068164445
1430,8.178401588170901,602.4449555260106
1431,7.710210357961792,176.37027909891165
1432,7.035595238546726,710.054273517211
1433,10.69004029154207,0.009605045412537103
1434,8.207690314561516,242.87352028466736
1435,9.450207382952378,10.180905110416308
1436,7.554966367586476,595.7347762191371
1437,8.853428460576868,699.1650386585106
1438,8.418341490435692,7.320632259854595
1439,8.425352399343286,385.229035664916
1440,17.65310169022375,4.189259806426855e-34
1441,7.662889291559327,123.08369675236759
1442,10.35323578082946,171.01373376633475
1443,8.670778560623136,257.4307351400528
1444,9.178117500139736,51.89798675778299
1445,7.245591140848167,302.6262581463308
1446,8.175455734005084,609.1688159052542
1447,8.448327059197746,344.98780326857883
1448,8.523277711815066,581.5078819263391
1449,7.485662656460793,263.0019251188679
1450,15.77731568524858,0.0010267816700510603
1451,7.858635487015254,691.1267600885307
1452,8.507400257672542,39.5262106769398
1453,10.14267041494952,0.022176972094318376
1454,7.457074434835036,385.8769225816915
1455,20.00952590153162,310.26225295617746
1456,8.85736545128887,423.1257180531165
1457,8.004214801591985,327.86906609302474
1458,8.707220073500496,164.5402290163305
1459,8.22851084188619,407.5150042905751
1460,13.39523261721257,4.814229690944513
1461,8.428225763236366,435.6369782767359
1462,8.283854882208031,125.87145769267073
1463,7.95397895356645,250.33405983873112
1464,8.919473963241796,349.43569920241936
1465,8.356584426869937,563.4961677153492
1466,9.233656630874666,541.5292306267867
1467,8.439040600494648,609.9474691692415
1468,7.99438124204662,11.705380026785429
1469,8.134607955536811,241.98560922129613
1470,7.665914969202039,534.0317202460318
1471,9.104314483986848,57.967635033296894
1472,7.748002546041832,184.83836309210326
1473,8.048496306819175,498.40617549280825
1474,9.321906935994216,214.471633620229
1475,18.91072327534821,2.4286278750729328e-32
1476,7.169464080585572,724.8096004970446
1477,8.219706999936848,512.374152644519
1478,8.204310514739504,448.70246296864167
1479,8.027843634164554,10.622863214292032
1480,8.182807286771755,147.70988965824566
1481,8.034852531803002,263.656436786207
1482,8.053145270614204,39.73297554663349
1483,7.865664085651908,158.25146351716614
1484,15.29446025616084,171.74534106530604
1485,9.113475481355074,205.60998341065303
1486,8.164353497908172,197.64778077299113
1487,7.900321483612061,121.51637614138737
1488,8.878873590683936,585.6700410347283
1489,8.189512640558647,646.8074787528362
1490,8.486864977330253,401.4004790109482
1491,8.132864403153391,414.16498763321465
1492,7.981772896730671,218.32691533478635
1493,7.815587665982596,440.4942256780328
1494,8.352906654123004,371.6490616919792
1495,8.14580233173811,623.1400001746466
1496,8.719654648324768,562.7017037687224
1497,8.512664653650793,632.0383378063701
1498,8.743646369597638,182.48158354275574
1499,7.469702399153365,301.4982078584668
1500,8.693904924825212,135.28534472877107
1501,8.582073826357627,605.4714966007937
1502,7.722339938000697,81.90149369375257
1503,8.018995010412562,663.7219363594085
1504,8.9523794313309,281.33409197846964
1505,8.029168247789492,306.3218437124893
1506,7.916169524962038,676.3380964437645
1507,8.915497368902,49.316799830529
1508,8.17913085636839,431.45459256933054
1509,8.410234006870382,313.2129524122325
1510,8.020802680157681,106.13458716023278
1511,8.960860650213426,31.5326658413964
1512,8.79802636015376,273.99373083227016
1513,8.248859553406442,123.25127872851237
1514,8.431925858457687,261.74313909316845
1515,8.387453222745561,408.16209780380734
1516,8.771876060869422,277.10381734594324
1517,8.004051207694383,514.8815432942893
1518,9.24808412377678,93.5929558580608
1519,8.124785104477924,160.3170085014773
1520,7.946298366152257,687.7935582072961
1521,8.38279835924102,31.599562462782508
1522,8.426814395684108,495.8442043243757
1523,8.2164876002158,311.880810657554
1524,23.93929944446944,8.440388739704225
1525,9.712769605557648,129.0467449153581
1526,7.5832589729417,181.0452009845173
1527,7.552427897729729,404.52472626160653
1528,8.439264490483438,343.20275984392583
1529,8.2696204982898,647.845765342517
1530,8.117847184924928,388.084102225837
1531,7.701891407540872,252.82578433579155
1532,9.030573207103187,21.029921876203264
1533,10.07163718281594,17.922741098079058
1534,7.786491158294909,718.725326454115
1535,7.873878589488747,682.3751712276887
1536,8.010953205356458,601.6582339395717
1537,8.045008592042183,164.8845200669858
1538,8.086680992220451,361.5069494445382
1539,8.252205430437279,594.3244387572447
1540,10.30214163421076,0.24883994590738487
1541,9.898126655074924,2.3964281529927662
1542,7.694501200588355,201.10548686939163
1543,8.60309296624551,552.989948602764
1544,8.661764614096857,71.73735044074762
1545,9.011397982343714,379.3088676221976
1546,8.416747237799786,340.5265038780144
1547,9.019405897234662,535.1277456682448
1548,8.723903443265035,339.0696298323577
1549,7.730509352510713,666.0068249288299
1550,8.67227250049898,17.48251466329051
1551,17.64312728094727,7.973836890451661e-06
1552,7.697695379398344,387.6910454059813
1553,8.951600989674422,6.965480326577829
1554,10.17533057365266,380.47909430188264
1555,8.744355003643507,93.96920189086558
1556,7.897742349153889,361.9306391844131
1557,8.092304686250948,110.15669977787006
1558,8.12846343907099,476.00725873425085
1559,7.275723981482728,478.3329211017694
1560,8.69822432442758,467.43463792997323
1561,8.80550156434178,710.7741629253654
1562,13.64282152551351,440.43530004144725
1563,8.736658280612858,622.145930077349
1564,7.252233050930604,380.6743151125496
1565,15.69938465780867,339.0173474044253
1566,7.382351689901498,692.9948159317221
1567,8.363927202445995,662.8956010073663
1568,7.719767872395993,621.8282444269307
1569,9.547912812759968,1.2461201686340702
1570,12.35797278021206,41.77018836941635
1571,8.491207832054236,110.43176237481194
1572,7.730048475508688,489.40718675546873
1573,8.482559485365753,301.02249882394204
1574,8.01212563586285,406.04324775918917
1575,7.954550159539249,306.6844394985208
1576,8.75534920158131,244.58656479665953
1577,13.31674622326024,1.2522377815434815e-23
1578,8.629708399600268,378.27341569301547
1579,9.250898008815021,237.8465574688378
1580,8.537582218523815,108.00354456017011
1581,9.019632320223561,76.29549288164574
1582,9.51390071181983,165.1061621221591
1583,8.362173750829859,393.5564715096402
1584,7.234785428140738,605.7186013892764
1585,8.794969791022409,601.9477229629705
1586,8.43181841395787,690.448963728695
1587,8.675279481337526,59.81895128043769
1588,9.002228789929442,113.3553714793141
1589,7.803356159361224,374.69126357334176
1590,7.938779024729619,228.2910920530305
1591,9.077696084253146,272.80595697779
1592,8.654467957567757,300.7406272275506
1593,7.909404418942853,339.2694894960132
1594,8.430445036373731,690.0650601579856
1595,8.082454437879456,269.4549098455782
1596,8.491047465553077,588.9989701600257
1597,8.373033115245265,673.3076885246029
1598,12.04182146874403,2.76723158003583e-13
1599,7.311553797943408,656.7732580247717
1600,8.311774917520404,491.47714324568904
1601,8.456863039374198,303.11599462744573
1602,9.238010452566243,214.32595602798602
1603,9.046497480218907,1.3719124907577036
1604,9.85194593035853,22.136717764029825
1605,7.663539859103928,108.98187399261835
1606,8.652597373264797,79.93416798394202
1607,8.055313355417027,205.15996874359632
1608,20.24783513629286,49.45163290270407
1609,8.332108307296165,348.89958493860917
1610,7.951045728060131,641.9047131446521
1611,8.151335709686114,472.7493099107244
1612,9.092335399844366,719.9635857059259
1613,8.637574581954448,353.43893363514326
1614,7.763205466185549,522.9961013240671
1615,73.27212021500247,201.8497116351825
1616,7.833162212708217,170.52380169916876
1617,8.252140571148114,65.35552387547723
1618,8.039553267896501,263.595306856283
1619,8.727504179394481,313.8652387857053
1620,10.90839877756386,1.278969038976883e-06
1621,9.374461835762649,339.11150417529836
1622,9.311259341017449,481.5897855850564
1623,8.63613116431911,487.70192732116146
1624,8.129102379368446,416.65064434922135
1625,7.704234949768251,577.5228854405011
1626,18.92251390159138,123.07897384574609
1627,9.1181654219264,9.293411329320657
1628,7.63523474708848,574.857130119344
1629,8.803280604768837,327.93291082761846
1630,9.022868029563442,536.510460389862
1631,8.110797502127665,251.80493496141506
1632,7.904700956014307,716.6422716325601
1633,9.401756119503663,0.3489406732275186
1634,9.16233811138533,714.0827075703154
1635,7.790805361481601,391.72804248667086
1636,8.980821803146261,19.349071080046908
1637,8.117843004806462,94.66479230310276
1638,8.58178907748425,88.99791237478348
1639,7.904805300680882,213.02074034275725
1640,8.391891992084835,482.87824896826857
1641,8.629353979258365,584.4822760567354
1642,7.816618314602442,298.6018343223248
1643,8.19966334987861,109.29731792249848
1644,15.58941885861695,3.5157551404737856e-25
1645,8.707006059725552,722.9598499788925
1646,8.538558250107524,42.184170063250534
1647,8.544879869466525,59.65644873538042
1648,7.9462886933434,179.69773337372789
1649,8.674110221971358,299.7240136724216
1650,10.03038260208408,0.04623613701829965
1651,8.052179009467144,94.1785121361456
1652,9.99885326334329,23.75820560600727
1653,7.102670032654602,80.2682864518999
1654,8.519058484555778,9.084097048173742
1655,10.07690185984136,8.909854996800422e-06
1656,8.359890173811968,95.31769280489398
1657,8.613826309484086,509.6015907619485
1658,8.420691690482087,630.4432792022853
1659,8.673779734698986,679.6202319687211
1660,10.59852336809044,0.11166683686197627
1661,8.686866537668298,23.858889467345954
1662,8.322626687778483,647.5453196231746
1663,8.204031882553943,169.6005380106719
1664,7.362310995890266,506.0869096656476
1665,9.274990891259515,728.6397577608583
1666,7.488651482600289,111.82786771398946
1667,8.151637664229188,319.8048913465745
1668,8.042418784930303,430.83660418122406
1669,7.776910550343313,96.44558715001631
1670,7.236608070695213,115.02392572417563
1671,7.257412224021883,138.36979234322362
1672,7.233890535689998,403.25345624545065
1673,7.111309895176682,665.0576834225607
1674,8.436454124012931,550.3232258250652
1675,7.071237341117228,581.4181403367464
1676,8.027136078810134,672.9502453999081
1677,7.876301160798251,282.7643749808969
1678,10.73053567772204,213.00885468911088
1679,7.272074961275197,401.50057808177706
1680,6.988303087934529,686.7197323011379
1681,7.950859021248608,2.3721891942231577
1682,8.196829470544957,551.6122454828379
1683,7.981672694236035,719.8232325020665
1684,6.878259126075244,400.6375326214896
1685,8.021473622786607,665.8879170466945
1686,7.576854470852075,548.790217853349
1687,7.411585724677225,729.6140137367037
1688,7.311241728178147,419.84186323591604
1689,7.102401916034749,72.26163677035943
1690,7.203919205666975,268.8971675264309
1691,8.110860852066853,126.71537749711236
1692,7.262254344583923,468.5228614606394
1693,7.498285994996136,6.817226345973441
1694,7.170493586971201,190.4575042237742
1695,6.869882072864413,328.7855141874895
1696,12.28577911920326,4.0960111295984155e-05
1697,7.105286472736791,371.48258598234696
1698,7.390820874682646,535.2270636091811
1699,7.215544830449617,583.8723690927385
1700,7.610929906257648,414.3158755927691
1701,7.47572722015374,726.1909801707155
1702,8.600468685265877,23.74110772292469
1703,6.982336844623298,217.3926585873554
1704,8.403817458878155,188.62412395757644
1705,8.818537905168704,263.02093771084185
1706,7.925168834288724,519.1099514177328
1707,10.49799782150509,564.1420333379194
1708,9.867846174220322,0.4159770401763062
1709,7.277594090686307,181.97549795342914
1710,8.298075197732292,381147.56571858685
1711,6.887195089466926,702.079221281355
1712,7.547671406210432,476.1664012495656
1713,7.501437532573047,334.2354333646809
1714,8.054761933821936,14.367414918149693
1715,9.235724781458913,492.944272936484
1716,8.947056322023668,3.2634434943459265
1717,7.162723110137832,212.9848650901114
1718,7.974975108952028,127.59237486898952
1719,7.963732821755265,578.8091630360527
1720,7.46486427005491,620.9516175925339
1721,7.355592845637463,622.3441240699696
1722,7.469577622642146,253.68243694706402
1723,8.054676907898711,443.18956475903497
1724,7.060361777084506,243.4997388002998
1725,8.053800032285974,485.5982067629353
1726,7.818812331573517,256.9483448244922
1727,7.77080835214307,560.4603735687825
1728,7.319910135619874,191.98655059890666
1729,7.332928500530035,24.135897923740526
1730,7.395481087833287,300.6851515606431
1731,7.976994881730927,23.506120403687223
1732,7.052684262673845,465.8458984967535
1733,7.888267445167169,508.3035374254881
1734,8.104296612254245,277.542059889317
1735,10.22993724280841,0.27768300346966757
1736,7.189796344914498,390.36243263368306
1737,13.95913532467806,435.14695378605853
1738,7.737516488994545,464.5498082633116
1739,7.078267805621921,237.69457118650024
1740,7.439715203501618,534.953919644563
1741,7.22552579413314,190.3685281718407
1742,6.650914092383409,325.78321109050336
1743,7.488552726542807,400.09232637104424
1744,7.855334516974324,236.75841491115264
1745,8.139125246236887,49.68449701264923
1746,9.549379181266213,457.99152838034104
1747,8.384688793900281,693.4341955612439
1748,18.32074192741421,0.0007620672349835236
1749,7.370955580460381,724.4493239750495
1750,7.911525265624767,252.46319647679076
1751,10.22412378391786,720.3095351270897
1752,7.423886537621813,592.7008152915643
1753,7.053173103436836,145.3195719492483
1754,7.226901467458482,56.87895087115986
1755,6.892738651474104,326.26892706464855
1756,7.527960752319172,593.5440864122429
1757,7.288979957150283,462.36652045062823
1758,7.749241571080834,398.7319566296111
1759,9.057556430629438,264.90753280582675
1760,7.817297473333082,181.3229198777523
1761,6.684327783373442,455.29327764699843
1762,7.783195047035674,381.4744261186604
1763,9.106899414197954,226.94316862701677
1764,14.51550973264356,268.8691878462142
1765,8.691148797131659,4.060526662347189
1766,8.607941175099404,66.78407484288968
1767,10.67532924885087,339.2485596182859
1768,10.76462201219773,0.02515284077973891
1769,17.42459601838412,7.695331176065265e-05
1770,7.503145122720359,583.2600081358685
1771,8.437228462359231,516.7919240169834
1772,8.292920473180999,277.63552291618817
1773,9.064003051674371,343.4795600068333
1774,7.359532482493092,547.6670304479624
1775,7.081390516003562,407.8200890164055
1776,7.72084492890615,707.0033627077459
1777,7.555131355502782,41.942644699192634
1778,8.899122115863523,118.44208334658965
1779,8.309419830630764,213.51162013733656
1780,7.538364196123575,656.2640637207447
1781,7.307936736686177,131.6042112206594
1782,8.076283552705146,207.04612856308958
1783,8.316777350318066,231.83023247808674
1784,7.506415579519344,538.4637770670419
1785,7.40516142756729,489.92903134219256
1786,8.222899837822306,73.00063975107395
1787,6.790326534729127,346.34503662687445
1788,8.179964112072797,473.31882493305335
1789,16.1977451917984,1.6971302309606622e-05
1790,8.126849162917928,536.4189902254258
1791,7.355612707730399,349.0017888339195
1792,7.514702109339182,614.8775688535394
1793,6.76715944162869,85.86980988447043
1794,7.990451432904463,257.179526332644
1795,9.24330011715084,1.2078314329870057
1796,6.716515176061008,460.5771320041803
1797,7.125207107879116,171.21829095243444
1798,8.556103932590112,31.490732713354145
1799,6.817384386765322,438.1311675890039
1800,8.53872572600214,3.197704838285473
1801,8.713960760943216,7.845338472651851
1802,7.662406547909836,718.4415126680484
1803,8.313502011547934,66.34947702134812
1804,7.466672744867297,189.49911301414883
1805,7.672529550814101,560.8464475691497
1806,8.1424283055082,725.4139216566667
1807,8.742926931151056,499.2732189633178
1808,7.761189729529309,690.5287735154902
1809,7.355254248462765,711.7310641255093
1810,7.564176127241176,243.82484340787485
1811,6.662653415735906,228.64050179067019
1812,6.840923433209635,362.2052951390683
1813,7.821261014855817,29.724683685085708
1814,8.096393480987988,543.5891706728307
1815,8.01704229303487,306.67639922411627
1816,6.955238942178262,310.65664665623063
1817,7.249924429236138,239.97768648376186
1818,7.875269516566999,4.8297366138472535
1819,7.791191449033332,164.9910162524048
1820,8.847702212429889,292.52274426566703
1821,6.519687175952502,115.06659144615094
1822,7.607364430216863,514.8251740987997
1823,13.39636005489158,10.816366875315202
1824,7.174772615059981,486.41649015665433
1825,7.373903133058792,119.4682465825971
1827,8.238509250630072,91.2344964159339
1828,7.207953042827918,99.73248872186282
1829,7.151276232575835,676.5393188122567
1830,6.757230504793281,308.76708308638644
1831,7.535643981185404,500.206039683045
1832,6.50741533084259,455.69301845020846
1833,9.311506867717128,0.5806562041699873
1834,9.055742898429086,174.76006538424755
1835,7.214449769099452,272.73420959237353
1836,6.745327017616895,618.6526317792598
1837,7.679007224784279,182.19945890531417
1838,9.767268983675848,0.03583343828387721
1839,7.684513069366237,354.72716084862685
1840,8.720495597537992,182.43469337247973
1841,7.887759848321329,303.053998394059
1842,8.129111133237181,391.5028855126492
1843,8.00740376287567,403.3902312853478
1844,6.645600904624693,414.3403996547617
1845,7.515996972015966,307.32861008753594
1846,7.702659302286643,579.5131583167397
1847,8.351489389628949,443.0460142500176
1848,7.952692841399494,115.75598619459585
1849,7.896094215444839,317.8506480250888
1851,7.326580624231804,39.13730420650146
1852,7.900008305995419,729.7493714399798
1853,7.751785294580093,101.58262448303525
1854,6.947238690833732,374.38774968241387
1855,8.495149919270634,335.66746858142943
1856,7.319388781488431,443.3293907820479
1857,7.046820256205754,222.2520206054049
1858,7.261842278389389,690.8318520106292
1859,8.365384363944694,509.45365977721065
1860,8.575662209840226,188.76516572832585
1861,7.999728605773436,518.0610585629357
1862,7.572658343977054,718.1524658598823
1863,9.268713286841132,0.45827708756691315
1864,7.780098286460622,635.6718386363942
1865,7.54592824249393,648.0960296032581
1866,9.998034255383313,0.01642021276595167
1867,7.603073017852471,641.8552275914419
1868,7.57555415247084,240.37538510332178
1869,8.33273042311574,639.289859004605
1870,7.452893141875865,181.72601380152636
1871,7.614813265557562,96.61453656689861
1872,8.081012718607381,264.0093187568128
1873,7.300179680442332,491.4859444191892
1874,7.32336774168173,554.5682266631447
1875,7.876388185078633,24.52707006625171
1876,7.817711464333906,471.9671991448965
1877,7.78564900842655,534.243892170008
1878,6.685559054973172,478.46869033549086
1879,8.385035597076158,671.1119146966108
1880,7.569801265414614,54.63990099976476
1881,7.910667325926571,533.0825407004597
1882,6.951992195984514,554.648748444258
1883,7.965527682493266,701.7074014063762
1884,7.736458423546333,598.7071110589933
1885,16.90878182333347,1.2235649508638119e-05
1886,7.902793389592482,669.1177440107667
1887,8.08765602617171,698.4080352560832
1888,8.295901036664139,218.44874316131452
1889,9.948547139340144,0.004295255556237085
1890,7.813955339024893,422.2854796601724
1891,7.079425821214789,575.2952780887277
1892,7.139657049595797,206.50824248136976
1893,8.359758352024869,626.0539217000163
1894,7.981633183884416,245.39035468923345
1895,7.76746822776531,127.34340264505019
1896,7.01962059220422,390.6651308262008
1897,7.780101442900815,453.00059323411296
1898,6.932065940719717,677.9905479408519
1899,6.906905170226749,442.5613148836409
1900,7.549231418334093,383.27559735285087
1901,7.683068748723969,172.8774062723174
1902,9.561005802102562,92.10985503269198
1903,8.69880388793027,124.77090959565592
1904,8.609806697053711,37.99707210925422
1905,7.385133396496533,361.17424971929023
1906,7.877097324475661,15.963576591557791
1907,7.570136180575724,275.05145534483785
1908,7.526937835855488,126.02993776539805
1909,8.045460104903555,580.4452750043703
1910,7.304965713448119,448.4452355808309
1911,7.654346395840744,190.39801448938582
1912,8.208195057922943,410.5960564080045
1913,7.021558314847772,378.28507834038055
1914,8.940033648674083,7.6884991806509815
1915,7.747388168886166,44.97346704027491
1916,8.359811794215767,80.31280077902582
1917,8.022543571319535,221.1697062153519
1918,8.315610482895101,323.8973366206108
1919,7.306217196475338,111.84605786950812
1920,7.678309695758058,260.1094186584727
1921,8.087249423648446,115.33989636630874
1922,6.922131668731121,429.11665262544415
1923,8.878045037340529,178.2336824895247
1924,8.234206390034137,649.0444391572181
1925,7.299601663208892,650.5669326368503
1926,8.074474224945819,513.8389633445631
1927,7.408655544581294,141.52653708637112
1928,7.523620853822717,481.9061470415757
1929,7.120906142546803,642.467128563923
1930,8.374755453461088,173.87189546322034
1931,8.285829228175249,20.1965434109717
1932,14.43445617752805,0.04679098166802481
1933,9.160905314822015,393.4677117214208
1934,7.991085958596134,168.9327387858539
1935,7.35423661746526,255.1674947213211
1936,7.060517462313611,623.3419196208699
1937,8.302874507268868,724.9548634982732
1938,7.939774853611346,494.9656108381129
1939,7.926047425553407,426.48231305563667
1940,7.280573356776098,474.63677138444575
1941,11.50341963511949,9.788519606910495e-05
1942,8.109648684766475,719.0860749459347
1943,7.307906952098565,564.5154869931777
1944,11.02612217131256,110.58977185219815
1945,7.751411271070101,288.4186027472363
1946,7.652127516316098,257.61901617361514
1947,7.402834789853873,162.4661786595884
1948,7.715635332808661,419.3737571719098
1949,6.922456772800752,489.5641487528215
1950,6.959685274471558,214.37759050840978
1951,7.266369000859019,352.80917722045217
1952,7.974249362314668,348.7428012883912
1953,7.418952492663822,579.2084773607085
1954,7.32000071133326,122.97410743010609
1955,7.837328429691086,240.3570609270743
1956,7.237328097522221,594.3622918041123
1957,8.182214997143307,631.3575973873891
1958,7.141197183907291,239.689423111015
1959,8.789287699557825,670.5582874363226
1960,9.153727739388403,366.989621408027
1961,6.930615030950576,638.2851250175083
1962,7.015870125758064,391.7774162712363
1963,7.387826208094734,249.29687084250185
1964,6.798154288021728,659.7047130696074
1965,6.818204111730376,429.1002242693626
1966,9.334028520808538,135.5904659977517
1967,8.246672768552026,72.42563803026509
1968,6.921641666729662,539.5891866941338
1969,8.932582626173888,574.3391905262736
1970,12.8557246752374,2.408182278333752e-05
1971,8.03719822922494,89.4425107888274
1972,7.546789319617358,27.399139814564936
1973,7.759651327172972,239.4663143425911
1974,11.33767704888593,144.41699152015593
1975,8.02337662456816,258.599194704786
1976,8.995460728176964,134.81210391328906
1977,6.954057280009676,502.68630284811405
1978,7.689369480844719,324.2032904675333
1979,7.493741340350214,119.84774345803403
1980,8.495526209771551,1212.942050117361
1981,7.503400026905042,672.2171769334905
1982,10.81748289520175,0.0003106691620794712
1983,7.411669933277528,430.8400912032958
1984,7.384205841078879,427.29465841667906
1985,7.561315293354673,671.796757489585
1986,7.703740451541567,139.44242320827584
1987,7.681630442375114,624.3750308210169
1988,7.610308268833983,121.10550799326406
1989,8.632164,465.99687828
1990,8.821999,315.54128664
1991,9.068416,79.2974323584
1992,8.909657,78.9657304248
1993,8.706212,334.168475616
1994,8.514943,338.453366544
1995,8.598246,380.755382616
1996,9.3835,2.2673797933679998
1997,8.99198,279.350399808
1998,8.941566,674.19025488
1999,9.313119,168.4611905688
2000,8.868054,164.401999596
2001,8.873327,603.376262784
2002,9.071889,35.9397514512
2003,8.960092,275.5757637144
2004,8.573849,477.386647272
2005,9.589474,8.049482237520001
2006,8.620267,638.261296128
2007,8.690021,374.52749025599996
2008,9.13936,432.60104808
2009,9.18961,6.43648178448
2010,8.585015,83.15708462639999
2011,8.082171,13208.480816399999
2012,8.83274,391.09964832000003
2013,8.93491,710.447412672
2014,9.804029,1.21512065436
2015,8.543913,687.5706772799999
2016,8.245323,1788.0233207039998
2017,8.798558,222.69204255600002
2018,13.591658,0.2227744394496
2019,8.713501,286.7339630376
2020,9.070644,250.97137595279997
2021,8.826341,606.210135264
2022,9.047937,299.59191781199996
2023,8.528222,628.20294228
2024,8.707953,264.23235283680003
2025,8.980641,316.014966216
2026,8.807779,2400.07066524
2027,9.044526,252.7697804616
2028,8.925066,551.315690064
2029,8.690973,201.08818296
2030,8.97387,152.0502602832
2031,8.202257,665.4538488960001
2032,9.033891,454.5635598
2033,10.400955,0.462777687504
2034,8.914304,494.10333914399996
2035,8.912635,415.38511497599995
2036,8.665016,580.633331616
2037,9.547662,12.32486486064
2038,9.06515,140.19511136399998
2039,8.712091,159.66892763279998
2040,8.899893,147.83239769760002
2041,8.85725,461.846107152
2042,8.519268,543.4297614
2043,8.527615,689.166545112
2044,8.959397,625.5331693200001
2045,8.137686,454.158991368
2046,8.258745,69304.907664
2047,8.695172,248.5677282336
2048,9.111862,710.566069248
2049,10.200283,351.365789736
2050,10.571545,0.17747934280560002
2051,8.86351,428.48278128000004
2052,8.423491,710.198738784
2053,8.90634,411.545501784
2054,8.89151,302.6593796472
2055,8.597829,438.638332536
2056,8.760997,565.2837149759999
2057,8.840079,583.1090253360001
2058,9.48803,113.81623975439999
2059,11.167657,0.00550306793592
2060,8.985325,58.0451244264
2061,8.79916,681.082750296
2062,8.979688,199.8204510528
2063,9.007911,710.488753128
2064,8.59054,153.7218663552
2065,8.846028,243.95851985039997
2066,8.925005,202.3114186512
2067,15.205229,0.000179813784708
2068,9.117413,724.9329822239999
2069,8.452814,187.2072885816
2070,8.777715,209.3300182368
2071,8.865736,124.087954536
2072,8.605944,187.8183068328
2073,8.148105,414.63057276
2074,8.284267,418.04731411200004
2075,9.202874,299.6511829848
2076,9.112586,655.873277112
2077,8.455525,704.407603608
2078,8.57591,661.56090336
2079,8.824117,667.885993128
2080,8.823706,111.3848213472
2081,9.08664,483.19008991199996
2082,8.707959,455.927794848
2083,8.43845,562.694729472
2084,8.718043,619.081218
2085,17.057279,5.87129148e-06
2086,8.806138,324.58916613599996
2087,9.091339,213.5163863376
2088,8.864879,7.60935154608
2089,8.425079,680.14201824
2090,9.180505,73.8155301048
2091,9.326172,66.0723364656
2092,9.078937,161.9074344312
2093,10.210593,8.845604747280001
2094,9.129484,73.65329248319999
2095,8.595687,244.8375252408
2096,8.374136,406.188599184
2097,8.47332,536.631938784
2098,9.2822,160.32510480960002
2099,9.168507,474.833321856
2100,9.028329,446.508797976
2101,8.403772,311.633982396
2102,10.800894,0.2174738671656
2103,8.4906,411.10243307999997
2104,10.669312,0.1425419238456
2105,8.569226,402.791423544
2106,9.457724,113.8480813728
2107,8.981513,455.379639336
2108,8.410548,569.933096184
2109,8.672785,255.0450834216
2110,9.23663,63.425095631999994
2111,8.804047,707.5911342960001
2112,8.755495,466.12247752800005
2113,9.009226,432.883804176
2114,8.496063,661.296450672
2115,8.517443,59.027323168799995
2116,18.950319,8.25480229464e-12
2117,9.322144,316.663790472
2118,8.289704,421.881562512
2119,9.360384,251.14955016240003
2120,9.483772,7.34685227352
2121,9.297043,113.8493752344
2122,8.595806,301.51961380800003
2123,8.790378,520.861028184
2124,9.117377,535.7921910480001
2125,8.778949,195.0131556144
2126,11.078182,542.534787864
2127,9.16017,451.71643312799995
2128,9.010795,1.307353105152
2129,8.905883,477.14144472
2130,8.207741,479.704552992
2131,8.630633,356.534924616
2132,8.839169,475.933104216
2133,9.039909,688.3163833680001
2134,9.119632,44.9579983608
2135,8.670824,300.45542842080005
2136,10.812851,0.00992252678184
2137,8.445569,516.102142104
2138,9.020481,563.343238152
2139,8.784284,580.0602455999999
2140,10.685669,1.085345073576
2141,8.966502,430.589882232
2142,8.954443,258.4861241256
2143,9.053571,553.933077408
2144,9.074265,486.147037032
2145,8.612412,560.5630135920001
2146,9.184832,135.4767136848
2147,9.139297,307.118878776
2148,8.931935,513.088075728
2149,8.998325,92.1904160688
2150,8.643558,212.9667476184
2151,16.459807,9.90437800608e-12
2152,8.770684,437.46912345600003
2153,9.272555,288.0228700944
2154,8.122583,612.597077928
2155,9.060758,505.04183445600006
2156,9.245173,563.9788082160001
2157,17.919937,0.0009347872353120001
2158,8.859453,351.28973592
2159,9.01727,500.030487576
2160,10.776778,58.657689
2161,9.386228,253.38054625200002
2162,8.712946,624.4655757119999
2163,12.514448,0.0049058340444
2164,9.051386,346.643826048
2165,10.468301,298.5243873192
2166,9.262574,53.876365466399996
2167,9.711144,133.45526005920001
2168,9.078514,7.12585755648
2169,9.056341,543.563565624
2170,9.092194,142.3068512832
2171,9.422232,74.7301009104
2172,9.041327,507.23887456799997
2173,8.450028,63.221517554399995
2174,9.766703,8.11969474176
2175,9.28835,45.3571704432
2176,8.506055,335.55511656
2177,8.704964,104.72411650320001
2178,9.261456,5.75261281368
2179,8.711004,225.430453296
2180,9.025442,55.4827735368
2181,8.815613,232.9134229656
2182,8.309061,662.720329584
2183,8.862746,850.3917989040001
2184,8.680657,643.323450744
2185,8.303344,373.27023547199997
2186,9.033657,26.80812439632
2187,9.549764,59.2802888904
2188,8.635351,619.370601192
2189,8.791824,540.327018168
2190,12.67074,0.013494086563680001
2191,9.130233,314.48079349200003
2192,9.017964,326.205546408
2193,8.594152,697.294836144
2194,8.411127,468.35612445600003
2195,8.742035,705.833691552
2196,8.507033,91.38819031919999
2197,9.5001,67.1251611168
2198,9.72267,12.19689248112
2199,8.795257,380.190186
2200,9.111674,133.3051089984
2201,9.638485,241.85766730320003
2202,10.763114,550.010783304
2203,9.198513,490.70963484000004
2204,8.780637,412.49033632799996
2205,8.7682,722.570895864
2206,9.41477,682.591834728
2207,9.209087,25.793771615279997
2208,24.982935,492.13225144800003
2209,9.863652,204.0980521752
2210,9.439926,397.703707272
2211,8.591295,394.749915912
2212,8.673514,475.893657216
2213,9.017771,374.483309616
2214,8.932987,718.7596845119999
2215,8.964867,182.9694500352
2216,8.814659,302.52945700799995
2217,9.202846,434.645349408
2218,9.59394,212.55757177680002
2219,9.209892,262.6625515824
2220,8.367061,161.7266409408
2221,8.926988,427.29621552
2222,9.289189,573.9020955359999
2223,9.322976,241.1060283864
2224,8.485864,719.185396536
2225,8.751641,331.16671670399995
2226,10.121305,28.1188945584
2227,9.078344,242.5324003488
2228,9.401133,3.3147093196800004
2229,8.767711,614.62686276
2230,9.118234,499.097329344
2231,8.99806,537.196504248
2232,8.899018,500.29525584
2233,8.898658,260.8988604336
2234,9.158333,234.1532579544
2235,8.40161,534.029067936
2236,8.025015,740952.5667119999
2237,8.87692,580.41684648
2238,8.93292,56.1200161536
2239,8.33957,610.466939928
2240,8.902214,645.429604968
2241,8.915532,345.504912264
2242,9.129603,133.88649466319998
2243,9.031537,412.191485856
2244,9.24601,420.900752304
2245,9.059307,435.05938512
2246,8.935616,246.14650293120002
2247,11.010818,19.05592737384
2248,9.726695,594.3864492719999
2249,8.819409,515.0673684
2250,8.236906,693.008682912
2251,9.001795,424.669360896
2252,9.088754,87.0294546072
